title,genre,prize,players,tournaments
Age of Empires,Strategy,442956.66,396,216
Age of Empires II,Strategy,2901418.45,1822,1409
Age of Empires III,Strategy,113893.65,164,141
Age of Empires IV,Strategy,814953.76,403,243
Age of Empires Online,Strategy,7536.56,38,37
Age of Mythology,Strategy,115875.82,180,190
Among Us,Strategy,86000.0,14,8
Auto Chess,Strategy,1163720.28,133,52
Brawl Stars,Strategy,3766376.06,276,45
Chess.com,Strategy,3998064.33,831,379
chess24,Strategy,4179375.43,90,28
Clash of Clans,Strategy,4471027.87,368,65
Clash Royale,Strategy,6143348.27,314,56
Command & Conquer 3,Strategy,53086.67,9,8
Company of Heroes 2,Strategy,8561.22,11,6
ComPet,Strategy,2000.0,50,1
Dead By Daylight,Strategy,60000.0,35,9
Dead by Daylight Mobile,Strategy,10000.0,0,1
Dota Underlords,Strategy,26024.18,62,36
Endgods,Strategy,0.0,0,0
Farming Simulator 19,Strategy,582267.88,127,25
Grey Goo,Strategy,36400.0,18,5
Heroes of Might and Magic III,Strategy,0.0,0,0
Identity V,Strategy,1189526.81,30,4
Internet Chess Club,Strategy,10000.0,6,1
Iron Harvest,Strategy,0.0,0,0
Legion TD 2,Strategy,0.0,0,0
Lichess,Strategy,1287327.78,342,163
Loco Dojo Unleashed,Strategy,1000.0,4,1
Men of War: Assault Squad 2,Strategy,0.0,0,0
Multigaming,Strategy,500766.46,36,8
Playchess.com,Strategy,32866.58,116,9
Pokémon GO,Strategy,3790.0,24,4
Pokémon VGC,Strategy,271102.0,217,31
Prophecy,Strategy,13000.0,27,4
Rise of Nations: Rise of Legends,Strategy,69600.0,8,1
Sea of Thieves,Strategy,100000.0,67,4
Star Wars: Squadrons,Strategy,800.0,4,1
StarCraft II,Strategy,38451480.74,2172,6817
StarCraft: Brood War,Strategy,7248536.45,622,499
StarCraft: Remastered,Strategy,1832959.79,269,238
Summoners War: Sky Arena,Strategy,652000.0,32,6
Super Mario Party,Strategy,220.0,4,1
Supreme Commander,Strategy,4901.26,0,1
Supreme Commander: Forged Alliance,Strategy,1290.01,0,1
Teamfight Tactics,Strategy,3651670.96,515,55
TEPPEN,Strategy,504721.47,18,2
The Binding of Isaac,Strategy,15000.0,16,1
UNO,Strategy,30000.0,28,3
WarCraft III,Strategy,6194043.92,675,1467
WarCraft III: Reforged,Strategy,1446305.02,139,335
"Warhammer 40,000: Dawn of War",Strategy,79816.5,7,3
"Warhammer 40,000: Dawn of War II",Strategy,0.0,0,0
Warparty,Strategy,1175.0,6,2
Windjammers,Strategy,5651.47,36,16
World in Conflict,Strategy,293338.23,38,11
World of Tanks,Strategy,3988496.59,418,54
World of Tanks Blitz,Strategy,63330.0,14,6
After-H,First-Person Shooter,0.0,0,0
Aim Gods,First-Person Shooter,250000.0,2,1
Aliens versus Predator 2,First-Person Shooter,40000.0,1,1
Alliance of Valiant Arms,First-Person Shooter,0.0,0,0
Archangel Hellfire,First-Person Shooter,5500.0,14,9
Battalion 1944,First-Person Shooter,206654.67,135,29
Battlefield 1,First-Person Shooter,0.0,0,0
Battlefield 2,First-Person Shooter,91715.22,0,12
Battlefield 2142,First-Person Shooter,18546.14,0,4
Battlefield 3,First-Person Shooter,25407.46,5,7
Battlefield 4,First-Person Shooter,245766.46,204,145
Battlefield Hardline,First-Person Shooter,13463.28,20,1
Battlefield V,First-Person Shooter,0.0,0,0
Beat Aim,First-Person Shooter,430.0,12,6
Big Buck Hunter Arcade,First-Person Shooter,76200.0,3,1
Black Squad,First-Person Shooter,8480.72,57,17
Blaston,First-Person Shooter,17483.56,26,18
Borderlands 3,First-Person Shooter,50000.0,16,1
Call of Duty,First-Person Shooter,54799.77,66,4
Call of Duty 2,First-Person Shooter,66828.51,41,17
Call of Duty 4: Modern Warfare,First-Person Shooter,425409.27,431,87
Call of Duty: Advanced Warfare,First-Person Shooter,2611808.93,783,405
Call of Duty: Black Ops,First-Person Shooter,375793.48,118,23
Call of Duty: Black Ops 2,First-Person Shooter,1479139.25,187,54
Call of Duty: Black Ops 4,First-Person Shooter,6734938.95,389,82
Call of Duty: Black Ops Cold War,First-Person Shooter,6299000.0,274,89
Call of Duty: Black Ops III,First-Person Shooter,3939783.29,424,78
Call of Duty: Blackout,First-Person Shooter,611608.35,175,18
Call of Duty: Ghosts,First-Person Shooter,1594185.25,199,76
Call of Duty: Infinite Warfare,First-Person Shooter,4166705.06,343,84
Call of Duty: Mobile,First-Person Shooter,5758274.0,284,15
Call of Duty: Modern Warfare,First-Person Shooter,7500784.5,393,81
Call of Duty: Modern Warfare 2,First-Person Shooter,117360.64,65,20
Call of Duty: Modern Warfare 3,First-Person Shooter,1160815.66,209,45
Call of Duty: Modern Warfare II,First-Person Shooter,563000.0,59,4
Call of Duty: Vanguard,First-Person Shooter,6321000.0,261,91
Call of Duty: Warzone,First-Person Shooter,10869721.17,1225,377
Call of Duty: Warzone 2.0,First-Person Shooter,131788.78,62,12
Call of Duty: WWII,First-Person Shooter,4578021.0,296,77
Chex Quest,First-Person Shooter,100.0,2,1
Contractors,First-Person Shooter,1000.0,20,1
Counter-Strike,First-Person Shooter,13559672.19,4225,1018
Counter-Strike Online,First-Person Shooter,406989.6,70,12
Counter-Strike: Condition Zero,First-Person Shooter,162150.6,111,3
Counter-Strike: Global Offensive,First-Person Shooter,145421312.21,15464,6518
Counter-Strike: Source,First-Person Shooter,3113222.29,1502,333
Critical Ops,First-Person Shooter,12606.41,4,3
CrossFire,First-Person Shooter,15811557.8,841,336
CrossFire HD,First-Person Shooter,432765.0,56,2
CrossFire Mobile,First-Person Shooter,3282417.5,0,12
Crysis,First-Person Shooter,11340.95,0,2
Day of Defeat,First-Person Shooter,51180.41,43,4
Day of Defeat: Source,First-Person Shooter,14068.57,50,8
Descent 3,First-Person Shooter,50000.0,1,1
Diabotical,First-Person Shooter,262274.97,390,378
Doom (2016),First-Person Shooter,7000.0,6,1
Doom 3,First-Person Shooter,257748.16,14,4
Doom II: Hell on Earth,First-Person Shooter,5108.56,14,8
DOOMBRINGER,First-Person Shooter,567.77,8,4
Echo Combat,First-Person Shooter,46800.0,16,1
Enemy Territory: Quake Wars,First-Person Shooter,60923.12,27,4
Escape from Tarkov,First-Person Shooter,114600.0,150,4
EV.IO,First-Person Shooter,0.0,0,0
Evolve,First-Person Shooter,131509.05,110,33
F.E.A.R.,First-Person Shooter,178000.0,20,5
Ghost Recon Advanced Warfighter,First-Person Shooter,24000.0,0,2
Gundam Versus,First-Person Shooter,280.0,6,1
Guns of Boom,First-Person Shooter,198750.0,8,21
Halo 2,First-Person Shooter,1626762.47,126,74
Halo 2 Anniversary,First-Person Shooter,468705.05,97,20
Halo 3,First-Person Shooter,2318079.4,214,43
Halo 4,First-Person Shooter,430748.76,66,19
Halo 5: Guardians,First-Person Shooter,7160480.97,248,109
Halo Infinite,First-Person Shooter,2948155.0,200,33
Halo: Combat Evolved,First-Person Shooter,299281.0,118,39
Halo: Reach,First-Person Shooter,772089.97,121,29
Ironsight,First-Person Shooter,0.0,0,0
Islands of Nyne,First-Person Shooter,0.0,0,0
Lemnis Gate,First-Person Shooter,1564.7,6,5
MechWarrior Online,First-Person Shooter,143490.0,0,1
Metal Gear Online,First-Person Shooter,8000.0,37,8
Onward,First-Person Shooter,161820.0,92,8
Overwatch,First-Person Shooter,34278670.88,3837,811
Overwatch 2,First-Person Shooter,5516513.0,478,26
Painkiller,First-Person Shooter,1015000.0,48,13
Paladins,First-Person Shooter,2490507.6,586,79
Pavlov,First-Person Shooter,1260.0,19,3
Pistol Whip,First-Person Shooter,7500.0,13,1
Point Blank,First-Person Shooter,1733770.01,551,104
Quake 4,First-Person Shooter,558539.27,103,54
Quake Champions,First-Person Shooter,3281612.77,295,276
Quake II,First-Person Shooter,140425.98,34,12
Quake III Arena,First-Person Shooter,1149561.21,284,108
Quake Live,First-Person Shooter,684979.12,225,413
QuakeWorld,First-Person Shooter,103851.67,49,18
Rage,First-Person Shooter,5000.0,3,1
Rainbow Six Extraction,First-Person Shooter,0.0,0,0
Rainbow Six Siege,First-Person Shooter,32499402.67,2794,530
Rainbow Six: Vegas,First-Person Shooter,176400.77,124,7
Rainbow Six: Vegas 2,First-Person Shooter,79000.0,0,8
Realm Royale,First-Person Shooter,263000.0,47,9
Reflex,First-Person Shooter,2458.37,24,9
Resistance 2,First-Person Shooter,50400.0,194,1
Resistance 2,First-Person Shooter,0.0,0,0
Return to Castle Wolfenstein,First-Person Shooter,67424.3,30,3
Rust,First-Person Shooter,0.0,0,0
S.K.I.L.L. - Special Force 2,First-Person Shooter,147532.93,97,22
S.T.A.L.K.E.R.: Shadow of Chernobyl,First-Person Shooter,4901.26,0,1
Shadowrun,First-Person Shooter,24000.0,0,3
ShootMania Storm,First-Person Shooter,262090.69,108,43
Snapshot VR,First-Person Shooter,1000.0,15,2
Space Junkies,First-Person Shooter,30420.0,33,4
Special Force,First-Person Shooter,130250.0,0,3
Splatoon,First-Person Shooter,1390.0,3,4
Splatoon 2,First-Person Shooter,10055.0,13,7
Star Wars Jedi Knight II: Jedi Outcast,First-Person Shooter,7679.25,0,1
Sudden Attack,First-Person Shooter,0.0,0,0
Team Fortress 2,First-Person Shooter,728491.34,1367,199
Tower Tag,First-Person Shooter,5170.41,25,5
Uncharted 4: A Thief's End,First-Person Shooter,46235.07,5,1
Unreal Tournament,First-Person Shooter,89000.0,14,5
Unreal Tournament (2016),First-Person Shooter,5084.97,82,8
Unreal Tournament 2003,First-Person Shooter,147473.91,33,14
Unreal Tournament 2004,First-Person Shooter,133969.33,41,12
Unreal Tournament 3,First-Person Shooter,104977.82,7,4
Vail VR,First-Person Shooter,0.0,0,0
VAIL VR,First-Person Shooter,36000.0,30,2
VALORANT,First-Person Shooter,15503735.71,4548,870
Warface,First-Person Shooter,109555.0,32,2
Warsow,First-Person Shooter,183.0,2,1
Wolfenstein: Enemy Territory,First-Person Shooter,140963.24,152,18
Xonotic,First-Person Shooter,14935.01,137,44
Zombieland VR: Headshot Fever,First-Person Shooter,10000.0,4,1
Zula,First-Person Shooter,100000.0,20,1
Arena of Valor,Multiplayer Online Battle Arena,70392427.25,1843,145
Battlerite,Multiplayer Online Battle Arena,65173.45,86,75
Blankos Block Party,Multiplayer Online Battle Arena,250.0,3,1
Bloodline Champions,Multiplayer Online Battle Arena,41905.32,43,12
Crab Game,Multiplayer Online Battle Arena,45950.0,32,11
Creative Destruction,Multiplayer Online Battle Arena,100000.0,8,1
Defense of the Ancients,Multiplayer Online Battle Arena,857420.65,468,94
Dofus,Multiplayer Online Battle Arena,0.0,0,0
Dota 2,Multiplayer Online Battle Arena,310896032.15,4539,1730
Heavy Metal Machines,Multiplayer Online Battle Arena,12339.33,35,1
Heroes of Newerth,Multiplayer Online Battle Arena,3088252.72,820,396
Heroes of the Storm,Multiplayer Online Battle Arena,18388734.99,1288,491
Hyper Scape,Multiplayer Online Battle Arena,299000.0,260,4
League of Legends,Multiplayer Online Battle Arena,98625835.84,8684,2765
League of Legends: Wild Rift,Multiplayer Online Battle Arena,7863906.47,1310,92
Legend of Glory,Multiplayer Online Battle Arena,472.66,0,1
Minecraft,Multiplayer Online Battle Arena,1444227.15,466,68
MOBA Legends,Multiplayer Online Battle Arena,225.0,3,1
Mobile Legends: Bang Bang,Multiplayer Online Battle Arena,8653650.83,1345,89
Onmyoji Arena,Multiplayer Online Battle Arena,89679.22,5,1
Pokemon Unite,Multiplayer Online Battle Arena,150000.0,97,4
Roblox,Multiplayer Online Battle Arena,0.0,0,0
Shards of War,Multiplayer Online Battle Arena,1029.21,20,1
SMITE,Multiplayer Online Battle Arena,9250112.75,542,97
Splitgate: Arena Warfare,Multiplayer Online Battle Arena,50000.0,64,2
Teeworlds,Multiplayer Online Battle Arena,0.0,0,0
Vainglory,Multiplayer Online Battle Arena,906421.19,262,36
Blade & Soul,Role-Playing Game,679006.26,89,7
Cave Digger 2,Role-Playing Game,750.0,4,1
Chivalry 2,Role-Playing Game,0.0,0,0
Guild Wars 2,Role-Playing Game,476005.5,152,57
Naraka: Bladepoint,Role-Playing Game,2908130.52,138,12
Old School Runescape,Role-Playing Game,457504.2,84,26
Red Stone,Role-Playing Game,58000.0,12,2
Stardew Valley,Role-Playing Game,97850.0,69,3
World of WarCraft,Role-Playing Game,7596337.61,478,168
Acceleration of SUGURI 2,Fighting Game,410.0,8,3
Akatsuki Blitzkampf,Fighting Game,20.0,3,1
Aquapazza: Aquaplus Dream Match,Fighting Game,245.0,5,2
Arcana Heart 3,Fighting Game,1000.0,4,1
Arcana Heart 3: Love Max Six Stars!!!!!,Fighting Game,570.0,8,4
Arcana Heart 3: LOVE MAX!!!!!,Fighting Game,410.0,6,2
ARMS,Fighting Game,22156.46,126,105
Asuka 120% LimitOver BURNING Fest.,Fighting Game,10.0,3,1
Attack on Titan Tribute Game,Fighting Game,108650.0,21,15
BlazBlue: Calamity Trigger,Fighting Game,35.0,3,1
BlazBlue: Central Fiction,Fighting Game,88273.21,106,47
BlazBlue: Chronophantasma,Fighting Game,37020.58,63,15
BlazBlue: Chronophantasma Extend,Fighting Game,4918.77,28,11
BlazBlue: Continuum Shift Extend,Fighting Game,0.0,3,1
BlazBlue: Continuum Shift II,Fighting Game,24591.01,14,5
BlazBlue: Cross Tag Battle,Fighting Game,97872.7,128,42
Brawlhalla,Fighting Game,3614257.83,845,642
Brawlout,Fighting Game,0.0,0,0
Breakers Revenge,Fighting Game,16.0,3,1
Capcom vs. SNK,Fighting Game,140.0,6,2
Capcom vs. SNK 2,Fighting Game,24976.79,38,22
Chaos Code: New Sign of Catastrophe,Fighting Game,140.0,3,1
Dead or Alive 4,Fighting Game,497745.31,45,13
Dead or Alive 5,Fighting Game,0.0,4,2
Dead or Alive 5 Ultimate,Fighting Game,0.0,37,7
Dead or Alive 5: Last Round,Fighting Game,15413.82,46,20
Dead or Alive 6,Fighting Game,64742.54,67,21
Dead or Alive Ultimate,Fighting Game,30000.0,3,1
Def Jam: Fight for NY,Fighting Game,550.0,6,3
Dengeki Bunko: Fighting Climax,Fighting Game,60.0,3,1
Dengeki Bunko: Fighting Climax Ignition,Fighting Game,3852.8,40,14
Digimon Rumble Arena,Fighting Game,200.0,5,2
Divekick,Fighting Game,5840.0,27,11
DNF Duel,Fighting Game,27095.48,48,10
Dragon Ball FighterZ,Fighting Game,421903.14,270,163
Dragon Ball Z: Budokai 3,Fighting Game,204.06,3,1
Duck Game,Fighting Game,750.0,5,2
Eternal Fighter Zero,Fighting Game,1311.6,7,2
Fantasy Strike,Fighting Game,5799.8,21,5
Fight of Animals,Fighting Game,630.68,9,4
Fighter's History Dynamite,Fighting Game,195.0,3,1
Fighting EX Layer,Fighting Game,1642.96,16,7
Garou: Mark of the Wolves,Fighting Game,658.71,13,4
Granblue Fantasy: Versus,Fighting Game,176825.88,105,82
Guilty Gear,Fighting Game,32.0,3,1
Guilty Gear -STRIVE-,Fighting Game,217732.88,221,64
Guilty Gear Xrd -REVELATOR-,Fighting Game,36437.43,61,19
Guilty Gear Xrd -SIGN-,Fighting Game,37445.66,80,38
Guilty Gear Xrd REV 2,Fighting Game,124899.3,125,60
Guilty Gear XX,Fighting Game,0.0,5,2
Guilty Gear XX #Reload,Fighting Game,0.0,3,1
Guilty Gear XX Accent Core,Fighting Game,10365.0,33,4
Guilty Gear XX Accent Core Plus,Fighting Game,0.0,3,1
Guilty Gear XX Accent Core Plus R,Fighting Game,14702.14,82,30
Guilty Gear XX Slash,Fighting Game,10250.0,6,2
Hokuto no Ken,Fighting Game,145.0,3,1
Hyper Street Fighter II,Fighting Game,10250.0,8,1
HYPERFIGHT,Fighting Game,140.0,4,2
Injustice 2,Fighting Game,837447.16,81,38
Injustice: Gods Among Us,Fighting Game,35176.89,101,117
JoJo's Bizarre Adventure: All Star Battle R,Fighting Game,780.0,8,1
JoJo's Bizarre Adventure: Heritage for the Future,Fighting Game,324.99,8,3
Kill la Kill the Game: IF,Fighting Game,920.0,12,4
Killer Instinct (2013),Fighting Game,226323.54,132,57
King of Fighters 2002 Unlimited Match,Fighting Game,760.0,6,2
King of Fighters 98,Fighting Game,7945.57,7,3
King of Fighters XI,Fighting Game,25.0,3,1
King of Fighters XIII,Fighting Game,45444.28,107,43
King of Fighters XIV,Fighting Game,74402.09,89,39
King of Fighters XV,Fighting Game,74189.51,135,27
Kirby Fighters 2,Fighting Game,222.86,4,1
Koihime Enbu,Fighting Game,1765.0,14,7
Lethal League Blaze,Fighting Game,5643.92,25,12
Maiden & Spell,Fighting Game,325.0,5,2
Marvel vs. Capcom 2,Fighting Game,39279.73,68,29
Marvel vs. Capcom 3,Fighting Game,22343.62,38,12
Marvel vs. Capcom: Infinite,Fighting Game,76256.72,60,22
Melty Blood: Actress Again,Fighting Game,0.0,10,2
Melty Blood: Actress Again Current Code,Fighting Game,11429.93,68,24
Melty Blood: Type Lumina,Fighting Game,12842.49,44,11
Mighty Fight Federation,Fighting Game,100.0,3,1
Million Arthur: Arcana Blood,Fighting Game,7540.0,12,4
Mordhau,Fighting Game,16623.0,40,3
Mortal Kombat 11,Fighting Game,576390.54,233,60
Mortal Kombat 9,Fighting Game,136891.67,67,26
Mortal Kombat vs. DC Universe,Fighting Game,0.0,3,1
Mortal Kombat X,Fighting Game,523532.42,100,62
Mortal Kombat XL,Fighting Game,134203.79,55,18
MultiVersus,Fighting Game,114202.5,59,10
Mystery Game Tournament,Fighting Game,10995.0,56,8
Naruto Shippuden: Ultimate Ninja Storm 4,Fighting Game,4550.0,7,5
Naruto: Gekitou Ninja Taisen! 4,Fighting Game,200.0,3,1
Ninja Legends,Fighting Game,1000.0,6,1
Nitroplus Blasterz: Heroines Infinite Duel,Fighting Game,1994.0,10,4
Persona 4 Arena,Fighting Game,6336.63,42,11
Persona 4 Arena Ultimax,Fighting Game,20268.16,65,21
Pocket Bravery,Fighting Game,452.35,3,1
Pocket Rumble,Fighting Game,185.0,5,2
Pokkén Tournament,Fighting Game,77216.66,65,26
Pokkén Tournament DX,Fighting Game,22125.4,44,28
Power Instinct: Matrimelee,Fighting Game,90.0,5,2
Power Rangers: Battle for the Grid,Fighting Game,6746.8,26,12
Power Rangers: Legacy Wars,Fighting Game,4178.55,2,1
Project Justice,Fighting Game,165.0,3,1
Project M,Fighting Game,205292.09,560,335
Project Plus,Fighting Game,195.0,6,2
Punch Planet,Fighting Game,400.0,6,2
Red Earth,Fighting Game,100.0,3,1
Rising Thunder,Fighting Game,1000.0,3,1
Rivals of Aether,Fighting Game,40314.85,57,23
Roof Rage,Fighting Game,50.0,3,1
Rushdown Revolt,Fighting Game,4160.09,31,18
Sailor Moon S,Fighting Game,3281.19,20,12
Samurai Shodown (2019),Fighting Game,77983.31,75,20
Samurai Shodown III,Fighting Game,70.0,5,2
Samurai Shodown V Special,Fighting Game,590.57,15,5
Schwarzerblitz,Fighting Game,200.0,5,2
Sekiro: Shadows Die Twice,Fighting Game,19596.0,20,1
Shovel Knight Showdown,Fighting Game,60.0,3,1
Shrek SuperSlam,Fighting Game,80.0,4,2
Skullgirls,Fighting Game,300.0,3,1
Skullgirls 2nd Encore,Fighting Game,55643.02,73,24
Skullgirls Encore,Fighting Game,9155.4,37,13
Slap City,Fighting Game,600.0,5,2
SLAYERS FOR HIRE,Fighting Game,600.0,8,2
Smash Remix,Fighting Game,299.06,4,1
SNK Heroines: Tag Team Frenzy,Fighting Game,430.0,3,1
Soul Calibur II,Fighting Game,4980.0,17,8
Soul Calibur II HD Online,Fighting Game,945.41,29,5
Soul Calibur IV,Fighting Game,260.0,3,2
Soul Calibur V,Fighting Game,60428.54,79,27
Soul Calibur VI,Fighting Game,176687.27,127,71
Street Fighter Alpha 2,Fighting Game,2944.69,24,11
Street Fighter Alpha 3,Fighting Game,340.0,16,5
Street Fighter EX2 Plus,Fighting Game,350.0,5,2
Street Fighter III: 3rd Strike,Fighting Game,54341.18,108,45
Street Fighter IV,Fighting Game,7938.22,41,12
Street Fighter V,Fighting Game,2266798.43,279,130
Street Fighter V: Arcade Edition,Fighting Game,2263945.95,235,104
Street Fighter V: Champion Edition,Fighting Game,891040.67,263,148
Street Fighter X Tekken,Fighting Game,84090.64,115,93
Super Smash Bros.,Fighting Game,68832.81,238,126
Super Smash Bros. Brawl,Fighting Game,248100.83,509,348
Super Smash Bros. for Wii U,Fighting Game,1515451.47,1281,1035
Super Smash Bros. Melee,Fighting Game,3542159.27,1930,2640
Super Smash Bros. Ultimate,Fighting Game,2249938.81,2318,1652
Super Street Fighter II Turbo,Fighting Game,25646.29,114,51
Super Street Fighter II Turbo HD Remix,Fighting Game,16360.0,29,8
Super Street Fighter IV,Fighting Game,30229.3,43,18
Super Street Fighter IV Arcade Edition,Fighting Game,355586.67,154,204
Tatsunoko vs. Capcom: Ultimate All-Stars,Fighting Game,2771.76,16,16
Teenage Mutant Ninja Turtles: Tournament Fighters,Fighting Game,820.0,7,2
Tekken 4,Fighting Game,12500.0,4,4
Tekken 5,Fighting Game,10250.0,10,9
Tekken 5: Dark Resurrection,Fighting Game,12180.0,18,5
Tekken 6,Fighting Game,119874.64,59,30
Tekken 7,Fighting Game,2398235.35,580,383
Tekken Tag Tournament,Fighting Game,0.0,7,4
Tekken Tag Tournament 2,Fighting Game,126501.3,151,141
The Last Blade 2,Fighting Game,60.0,4,2
The Unspoken,Fighting Game,38824.08,7,4
Them's Fightin' Herds,Fighting Game,4578.19,28,29
Toribash,Fighting Game,100.0,3,1
Tough Love Arena,Fighting Game,100.0,3,1
Touhou Hisoutensoku ~ Choudokyuu Ginyoru no Nazo o Oe,Fighting Game,4501.52,18,6
TowerFall: Ascension,Fighting Game,0.0,0,0
Ultimate Marvel vs. Capcom 3,Fighting Game,147679.59,209,185
Ultimate Mortal Kombat 3,Fighting Game,150.0,6,2
Ultra Fight Da! Kyanta 2,Fighting Game,320.0,3,1
Ultra Street Fighter IV,Fighting Game,818394.62,242,233
Umineko: Golden Fantasia,Fighting Game,190.0,9,3
Under Night In-Birth EXE: Late,Fighting Game,6025.76,52,23
Under Night In-Birth EXE: Late[st],Fighting Game,54583.33,109,40
Under Night In-Birth Exe:Late[cl-r],Fighting Game,6337.01,38,9
Vampire Savior,Fighting Game,16642.38,37,22
Virtua Fighter 4: Evolution,Fighting Game,0.0,6,3
Virtua Fighter 5,Fighting Game,39830.0,14,7
Virtua Fighter 5 Final Showdown,Fighting Game,573.77,28,6
Virtua Fighter 5: Ultimate Showdown,Fighting Game,1870.0,14,3
Windjammers 2,Fighting Game,1056.07,3,56
WWE 2K20,Fighting Game,50000.0,20,2
Asphalt 4,Racing,29500.0,5,2
Asphalt 9: Legends,Racing,51520.0,5,2
Assetto Corsa,Racing,749657.7,287,122
Assetto Corsa Competizione,Racing,505754.8,469,54
Dirt Rally 2.0,Racing,30000.0,9,4
F1 2018,Racing,200000.0,21,1
F1 2019,Racing,538047.38,25,2
F1 2020,Racing,752235.0,42,3
F1 2021,Racing,765939.0,35,4
F1 22,Racing,750000.0,22,1
Forza Horizon 5,Racing,5000.0,7,1
Forza Motorsport 2,Racing,222000.0,17,2
Forza Motorsport 3,Racing,11000.0,3,2
Forza Motorsport 4,Racing,132.37,2,1
Forza Motorsport 6,Racing,172600.0,43,9
Forza Motorsport 7,Racing,820200.0,123,12
Gran Turismo 3: A-Spec,Racing,3250.0,4,2
Gran Turismo 4,Racing,44000.0,5,2
Gran Turismo Sport,Racing,61522.56,126,25
GRID (2019),Racing,218.75,3,1
Hot Lap League,Racing,0.0,0,0
iRacing.com,Racing,3063860.83,1263,179
Jak 3,Racing,0.0,0,0
Jak and Daxter: The Precursur Legacy,Racing,500.0,16,1
Jak II,Racing,0.0,14,1
KartRider,Racing,567366.35,76,20
Live for Speed,Racing,11833.14,28,10
Mad Skills Motocross 2,Racing,20163.0,12,1
Marbles on Stream,Racing,0.0,0,0
Mario Kart 8 Deluxe,Racing,5004.44,48,9
NASCAR Heat 4,Racing,200500.0,34,5
Nascar Heat 5,Racing,6125.0,20,2
NASCAR Thunder 2002,Racing,7679.25,0,1
NASCAR Thunder 2003,Racing,5933.5,0,1
Need for Speed Carbon,Racing,36322.58,12,4
Need for Speed: Most Wanted,Racing,35694.54,18,7
Need for Speed: ProStreet,Racing,32208.46,12,3
Need for Speed: Shift,Racing,10500.0,3,1
Need for Speed: Underground,Racing,35000.0,3,1
Need for Speed: Underground 2,Racing,35629.48,8,3
Project Cars,Racing,68628.21,52,125
Project Cars 2,Racing,66150.0,37,22
Project Gotham Racing 2,Racing,35000.0,4,2
Project Gotham Racing 3,Racing,297286.85,33,10
Project Gotham Racing 4,Racing,25208.46,5,4
RaceRoom Racing Experience,Racing,277591.2,159,27
rFactor,Racing,15083.56,51,4
rFactor 2,Racing,1947383.12,494,96
Speedrunners,Racing,150.0,5,2
Sprint Vector,Racing,11750.0,8,1
Trackmania (2020),Racing,356552.09,539,436
TrackMania 2: Canyon,Racing,22426.12,24,37
TrackMania 2: Stadium,Racing,200644.87,345,287
Trackmania 2: Valley,Racing,779.34,6,2
TrackMania Nations,Racing,101381.66,22,8
TrackMania Nations Forever,Racing,171331.47,132,77
Trackmania Turbo,Racing,679.41,6,2
Trackmania United,Racing,1027.5,3,1
Trackmania United Forever,Racing,0.0,0,0
Trials Fusion,Racing,0.0,0,0
Turbo Racing League,Racing,1000000.0,16,9
Void Racer,Racing,460.0,4,1
WRC 10 FIA World Rally Championship,Racing,25250.0,1,1
Audio Trip,Sports,650.0,4,2
Carom 3D,Sports,60500.0,11,4
Dream league Soccer,Sports,0.0,0,0
Echo Arena,Sports,195852.32,126,24
eFootball,Sports,492000.0,62,14
Eleven Table Tennis,Sports,0.0,0,0
FIFA 03,Sports,54066.44,10,3
FIFA 04,Sports,40000.0,3,3
FIFA 05,Sports,57728.01,5,8
FIFA 06,Sports,112464.53,23,12
FIFA 07,Sports,238312.23,43,14
FIFA 08,Sports,207129.94,68,17
FIFA 09,Sports,121618.34,52,19
FIFA 10,Sports,117026.71,64,48
FIFA 11,Sports,93983.77,72,78
FIFA 12,Sports,54431.52,53,66
FIFA 13,Sports,458427.82,53,62
FIFA 14,Sports,96347.81,57,69
FIFA 15,Sports,144373.99,168,352
FIFA 16,Sports,117828.11,61,28
FIFA 17,Sports,1482612.63,156,48
FIFA 18,Sports,2233697.69,235,48
FIFA 19,Sports,3246142.34,303,49
FIFA 20,Sports,2606667.1,322,63
FIFA 2000,Sports,50000.0,4,1
FIFA 2001,Sports,46000.0,9,2
FIFA 2002 World Cup,Sports,43000.0,8,1
FIFA 21,Sports,2245134.53,234,26
FIFA 22,Sports,1388411.5,160,10
FIFA Online 3,Sports,1937542.85,124,25
FIFA Online 4,Sports,3285714.48,361,56
GOLF Plus,Sports,5000.0,4,1
Golf With Your Friends,Sports,19400.0,11,2
Gran Turismo 7,Sports,21084.8,13,3
Groove Gunner,Sports,0.0,0,0
Guitar Hero 5,Sports,10500.0,3,1
Guitar Hero III: Legends of Rock,Sports,19000.0,8,2
Guitar Hero: World Tour,Sports,0.0,0,0
Gym Masters VR,Sports,500.0,4,1
Just Dance 2014,Sports,0.0,3,1
Just Hoops,Sports,0.0,0,0
Madden NFL 19,Sports,125000.0,5,3
Madden NFL 20,Sports,923000.0,38,2
Madden NFL 2004,Sports,1500.0,3,1
Madden NFL 2006,Sports,100000.0,1,1
Madden NFL 2007,Sports,100000.0,1,1
Madden NFL 2008,Sports,100000.0,1,1
Madden NFL 2009,Sports,100000.0,1,1
Madden NFL 2013,Sports,400000.0,8,1
Madden NFL 2016,Sports,50000.0,8,1
Madden NFL 2017,Sports,1004000.0,42,5
Madden NFL 2018,Sports,423676.62,40,3
Madden NFL 22,Sports,1000000.0,14,1
Mario Tennis Aces,Sports,61.3,6,2
NBA 2K Online,Sports,0.0,0,0
NBA 2K18,Sports,1000000.0,91,4
NBA 2K19,Sports,0.0,0,0
NBA 2K20,Sports,0.0,0,0
NBA 2K21,Sports,501.0,3,1
NHL '94,Sports,3818.56,25,8
NHL 12,Sports,702.93,6,2
NHL 13,Sports,70000.0,1,1
NHL 14,Sports,3023.96,6,3
NHL 15,Sports,3157.16,3,3
NHL 17,Sports,0.0,0,0
NHL 18,Sports,102700.0,20,6
NHL 19,Sports,22566.67,10,8
Nock,Sports,4050.0,12,2
Pro Evolution Soccer 2008,Sports,2084.15,6,3
Pro Evolution Soccer 2009,Sports,1395.97,5,2
Pro Evolution Soccer 2013,Sports,0.0,0,0
Pro Evolution Soccer 2014,Sports,29410.25,4,1
Pro Evolution Soccer 2015,Sports,26544.76,3,1
Pro Evolution Soccer 2016,Sports,27243.84,17,6
Pro Evolution Soccer 2017,Sports,514697.71,39,16
Pro Evolution Soccer 2018,Sports,250000.0,20,3
Pro Evolution Soccer 2019,Sports,216000.0,25,2
Pro Evolution Soccer 3,Sports,25000.0,8,2
Pro Evolution Soccer 4,Sports,40550.64,11,2
Pro Evolution Soccer 5,Sports,32000.0,4,1
Pro Evolution Soccer 6,Sports,20216.82,5,2
Racket: NX,Sports,500.0,3,1
Ragnaröck,Sports,0.0,0,0
Rezzil Player,Sports,51250.0,15,10
Rocket League,Sports,26864810.87,3300,2784
Rocket League Sideswipe,Sports,2500.0,1,1
Slapshot Rebound,Sports,0.0,0,0
Soccer Stars,Sports,0.0,0,0
SuperPlayer,Sports,1000.0,3,1
Synth Riders,Sports,2100.0,11,7
Walkabout Mini Golf,Sports,2000.0,7,2
Zwift,Sports,65370.76,10,7
Artifact Classic,Collectible Card Game,119584.34,276,172
Artifact Foundry,Collectible Card Game,1174.5,21,12
Faeria,Collectible Card Game,4100.0,12,5
Gwent,Collectible Card Game,1390997.17,343,120
Hand of the Gods,Collectible Card Game,94434.2,48,36
Hearthstone,Collectible Card Game,29451811.42,2999,1054
Hearthstone Battlegrounds,Collectible Card Game,603630.0,79,7
"KARDS, The World War II Card Game",Collectible Card Game,0.0,0,0
Legends of Runeterra,Collectible Card Game,526181.03,70,9
Magic: The Gathering Arena,Collectible Card Game,10088000.0,323,52
Magic: The Gathering Online,Collectible Card Game,1218000.0,130,10
Mythgard,Collectible Card Game,3000.0,9,3
Pokémon TCG,Collectible Card Game,0.0,0,0
Shadowverse,Collectible Card Game,5508473.29,248,44
Shardbound,Collectible Card Game,0.0,0,0
The Elder Scrolls: Legends,Collectible Card Game,5000.0,3,1
Yu-Gi-Oh! Duel Links,Collectible Card Game,48746.72,328,219
Catherine,Puzzle Game,1545.0,11,7
Catherine: Full Body,Puzzle Game,185.0,3,1
Cultris II,Puzzle Game,190.95,3,1
Jstris,Puzzle Game,275.0,12,2
Magical Drop III,Puzzle Game,130.0,3,1
Microsoft Excel,Puzzle Game,3200.0,17,8
Pac-man,Puzzle Game,0.0,0,0
Panel Attack,Puzzle Game,140.0,5,2
Puyo Puyo Champions,Puzzle Game,2482.3,14,5
Puyo Puyo Tetris,Puzzle Game,3422.84,31,16
Puyo Puyo Tetris 2,Puzzle Game,896.02,10,2
Tetr.io,Puzzle Game,5287.88,27,13
Tetris,Puzzle Game,42515.99,67,28
Tetris Effect: Connected,Puzzle Game,1934.91,12,3
Tetris Ultimate,Puzzle Game,221.0,3,1
Twinkle Star Sprites,Puzzle Game,150.0,4,2
Wise Star 2,Puzzle Game,12000.0,3,1
Apex Legends,Battle Royale,16531885.35,2073,686
Apex Legends Mobile,Battle Royale,0.0,0,0
Ark: Survival Of The Fittest,Battle Royale,0.0,0,0
Fall Guys,Battle Royale,340273.83,250,7
Fortnite,Battle Royale,147185741.05,5973,1062
Free Fire,Battle Royale,14158921.91,1415,75
H1Z1,Battle Royale,2067122.0,119,13
PLAYERUNKNOWN'S BATTLEGROUNDS Mobile,Battle Royale,62916855.49,3364,229
PLAYERUNKNOWN’S BATTLEGROUNDS,Battle Royale,52339203.06,3517,554
Radical Heights,Battle Royale,120000.0,12,2
Ring of Elysium,Battle Royale,70000.0,9,4
Rocket Arena,Battle Royale,100000.0,24,3
Rules Of Survival,Battle Royale,0.0,0,0
Spellbreak,Battle Royale,50000.0,42,1
Super People,Battle Royale,144526.0,95,11
Gears 5,Third-Person Shooter,2320920.0,163,112
Gears of War,Third-Person Shooter,252195.57,33,18
Gears of War 2,Third-Person Shooter,135000.0,0,5
Gears of War 3,Third-Person Shooter,7255.81,13,4
Gears of War 4,Third-Person Shooter,3142785.0,155,152
Gears of War: Ultimate Edition,Third-Person Shooter,170000.0,39,3
Knockout City,Third-Person Shooter,0.0,0,0
Mobile Suit Gundam: Extreme Vs Maxi Boost ON,Third-Person Shooter,420.0,12,2
Rogue Company,Third-Person Shooter,50000.0,48,2
The Division 2,Third-Person Shooter,27250.0,40,2
Beat Saber,Music / Rhythm Game,16175.56,58,10
osu!,Music / Rhythm Game,175823.14,1502,120
